[
  {
    "model": "auth.permission",
    "pk": 1,
    "fields": {
      "name": "Can add log entry",
      "content_type": 1,
      "codename": "add_logentry"
    }
  },
  {
    "model": "auth.permission",
    "pk": 2,
    "fields": {
      "name": "Can change log entry",
      "content_type": 1,
      "codename": "change_logentry"
    }
  },
  {
    "model": "auth.permission",
    "pk": 3,
    "fields": {
      "name": "Can delete log entry",
      "content_type": 1,
      "codename": "delete_logentry"
    }
  },
  {
    "model": "auth.permission",
    "pk": 4,
    "fields": {
      "name": "Can view log entry",
      "content_type": 1,
      "codename": "view_logentry"
    }
  },
  {
    "model": "auth.permission",
    "pk": 5,
    "fields": {
      "name": "Can add permission",
      "content_type": 2,
      "codename": "add_permission"
    }
  },
  {
    "model": "auth.permission",
    "pk": 6,
    "fields": {
      "name": "Can change permission",
      "content_type": 2,
      "codename": "change_permission"
    }
  },
  {
    "model": "auth.permission",
    "pk": 7,
    "fields": {
      "name": "Can delete permission",
      "content_type": 2,
      "codename": "delete_permission"
    }
  },
  {
    "model": "auth.permission",
    "pk": 8,
    "fields": {
      "name": "Can view permission",
      "content_type": 2,
      "codename": "view_permission"
    }
  },
  {
    "model": "auth.permission",
    "pk": 9,
    "fields": {
      "name": "Can add group",
      "content_type": 3,
      "codename": "add_group"
    }
  },
  {
    "model": "auth.permission",
    "pk": 10,
    "fields": {
      "name": "Can change group",
      "content_type": 3,
      "codename": "change_group"
    }
  },
  {
    "model": "auth.permission",
    "pk": 11,
    "fields": {
      "name": "Can delete group",
      "content_type": 3,
      "codename": "delete_group"
    }
  },
  {
    "model": "auth.permission",
    "pk": 12,
    "fields": {
      "name": "Can view group",
      "content_type": 3,
      "codename": "view_group"
    }
  },
  {
    "model": "auth.permission",
    "pk": 13,
    "fields": {
      "name": "Can add content type",
      "content_type": 4,
      "codename": "add_contenttype"
    }
  },
  {
    "model": "auth.permission",
    "pk": 14,
    "fields": {
      "name": "Can change content type",
      "content_type": 4,
      "codename": "change_contenttype"
    }
  },
  {
    "model": "auth.permission",
    "pk": 15,
    "fields": {
      "name": "Can delete content type",
      "content_type": 4,
      "codename": "delete_contenttype"
    }
  },
  {
    "model": "auth.permission",
    "pk": 16,
    "fields": {
      "name": "Can view content type",
      "content_type": 4,
      "codename": "view_contenttype"
    }
  },
  {
    "model": "auth.permission",
    "pk": 17,
    "fields": {
      "name": "Can add session",
      "content_type": 5,
      "codename": "add_session"
    }
  },
  {
    "model": "auth.permission",
    "pk": 18,
    "fields": {
      "name": "Can change session",
      "content_type": 5,
      "codename": "change_session"
    }
  },
  {
    "model": "auth.permission",
    "pk": 19,
    "fields": {
      "name": "Can delete session",
      "content_type": 5,
      "codename": "delete_session"
    }
  },
  {
    "model": "auth.permission",
    "pk": 20,
    "fields": {
      "name": "Can view session",
      "content_type": 5,
      "codename": "view_session"
    }
  },
  {
    "model": "auth.permission",
    "pk": 21,
    "fields": {
      "name": "Can add product category",
      "content_type": 6,
      "codename": "add_productcategory"
    }
  },
  {
    "model": "auth.permission",
    "pk": 22,
    "fields": {
      "name": "Can change product category",
      "content_type": 6,
      "codename": "change_productcategory"
    }
  },
  {
    "model": "auth.permission",
    "pk": 23,
    "fields": {
      "name": "Can delete product category",
      "content_type": 6,
      "codename": "delete_productcategory"
    }
  },
  {
    "model": "auth.permission",
    "pk": 24,
    "fields": {
      "name": "Can view product category",
      "content_type": 6,
      "codename": "view_productcategory"
    }
  },
  {
    "model": "auth.permission",
    "pk": 25,
    "fields": {
      "name": "Can add product",
      "content_type": 7,
      "codename": "add_product"
    }
  },
  {
    "model": "auth.permission",
    "pk": 26,
    "fields": {
      "name": "Can change product",
      "content_type": 7,
      "codename": "change_product"
    }
  },
  {
    "model": "auth.permission",
    "pk": 27,
    "fields": {
      "name": "Can delete product",
      "content_type": 7,
      "codename": "delete_product"
    }
  },
  {
    "model": "auth.permission",
    "pk": 28,
    "fields": {
      "name": "Can view product",
      "content_type": 7,
      "codename": "view_product"
    }
  },
  {
    "model": "auth.permission",
    "pk": 29,
    "fields": {
      "name": "Can add user",
      "content_type": 8,
      "codename": "add_shopuser"
    }
  },
  {
    "model": "auth.permission",
    "pk": 30,
    "fields": {
      "name": "Can change user",
      "content_type": 8,
      "codename": "change_shopuser"
    }
  },
  {
    "model": "auth.permission",
    "pk": 31,
    "fields": {
      "name": "Can delete user",
      "content_type": 8,
      "codename": "delete_shopuser"
    }
  },
  {
    "model": "auth.permission",
    "pk": 32,
    "fields": {
      "name": "Can view user",
      "content_type": 8,
      "codename": "view_shopuser"
    }
  },
  {
    "model": "auth.permission",
    "pk": 33,
    "fields": {
      "name": "Can add basket",
      "content_type": 9,
      "codename": "add_basket"
    }
  },
  {
    "model": "auth.permission",
    "pk": 34,
    "fields": {
      "name": "Can change basket",
      "content_type": 9,
      "codename": "change_basket"
    }
  },
  {
    "model": "auth.permission",
    "pk": 35,
    "fields": {
      "name": "Can delete basket",
      "content_type": 9,
      "codename": "delete_basket"
    }
  },
  {
    "model": "auth.permission",
    "pk": 36,
    "fields": {
      "name": "Can view basket",
      "content_type": 9,
      "codename": "view_basket"
    }
  },
  {
    "model": "auth.permission",
    "pk": 37,
    "fields": {
      "name": "Can add association",
      "content_type": 10,
      "codename": "add_association"
    }
  },
  {
    "model": "auth.permission",
    "pk": 38,
    "fields": {
      "name": "Can change association",
      "content_type": 10,
      "codename": "change_association"
    }
  },
  {
    "model": "auth.permission",
    "pk": 39,
    "fields": {
      "name": "Can delete association",
      "content_type": 10,
      "codename": "delete_association"
    }
  },
  {
    "model": "auth.permission",
    "pk": 40,
    "fields": {
      "name": "Can view association",
      "content_type": 10,
      "codename": "view_association"
    }
  },
  {
    "model": "auth.permission",
    "pk": 41,
    "fields": {
      "name": "Can add code",
      "content_type": 11,
      "codename": "add_code"
    }
  },
  {
    "model": "auth.permission",
    "pk": 42,
    "fields": {
      "name": "Can change code",
      "content_type": 11,
      "codename": "change_code"
    }
  },
  {
    "model": "auth.permission",
    "pk": 43,
    "fields": {
      "name": "Can delete code",
      "content_type": 11,
      "codename": "delete_code"
    }
  },
  {
    "model": "auth.permission",
    "pk": 44,
    "fields": {
      "name": "Can view code",
      "content_type": 11,
      "codename": "view_code"
    }
  },
  {
    "model": "auth.permission",
    "pk": 45,
    "fields": {
      "name": "Can add nonce",
      "content_type": 12,
      "codename": "add_nonce"
    }
  },
  {
    "model": "auth.permission",
    "pk": 46,
    "fields": {
      "name": "Can change nonce",
      "content_type": 12,
      "codename": "change_nonce"
    }
  },
  {
    "model": "auth.permission",
    "pk": 47,
    "fields": {
      "name": "Can delete nonce",
      "content_type": 12,
      "codename": "delete_nonce"
    }
  },
  {
    "model": "auth.permission",
    "pk": 48,
    "fields": {
      "name": "Can view nonce",
      "content_type": 12,
      "codename": "view_nonce"
    }
  },
  {
    "model": "auth.permission",
    "pk": 49,
    "fields": {
      "name": "Can add user social auth",
      "content_type": 13,
      "codename": "add_usersocialauth"
    }
  },
  {
    "model": "auth.permission",
    "pk": 50,
    "fields": {
      "name": "Can change user social auth",
      "content_type": 13,
      "codename": "change_usersocialauth"
    }
  },
  {
    "model": "auth.permission",
    "pk": 51,
    "fields": {
      "name": "Can delete user social auth",
      "content_type": 13,
      "codename": "delete_usersocialauth"
    }
  },
  {
    "model": "auth.permission",
    "pk": 52,
    "fields": {
      "name": "Can view user social auth",
      "content_type": 13,
      "codename": "view_usersocialauth"
    }
  },
  {
    "model": "auth.permission",
    "pk": 53,
    "fields": {
      "name": "Can add partial",
      "content_type": 14,
      "codename": "add_partial"
    }
  },
  {
    "model": "auth.permission",
    "pk": 54,
    "fields": {
      "name": "Can change partial",
      "content_type": 14,
      "codename": "change_partial"
    }
  },
  {
    "model": "auth.permission",
    "pk": 55,
    "fields": {
      "name": "Can delete partial",
      "content_type": 14,
      "codename": "delete_partial"
    }
  },
  {
    "model": "auth.permission",
    "pk": 56,
    "fields": {
      "name": "Can view partial",
      "content_type": 14,
      "codename": "view_partial"
    }
  },
  {
    "model": "auth.permission",
    "pk": 57,
    "fields": {
      "name": "Can add shop user profile",
      "content_type": 15,
      "codename": "add_shopuserprofile"
    }
  },
  {
    "model": "auth.permission",
    "pk": 58,
    "fields": {
      "name": "Can change shop user profile",
      "content_type": 15,
      "codename": "change_shopuserprofile"
    }
  },
  {
    "model": "auth.permission",
    "pk": 59,
    "fields": {
      "name": "Can delete shop user profile",
      "content_type": 15,
      "codename": "delete_shopuserprofile"
    }
  },
  {
    "model": "auth.permission",
    "pk": 60,
    "fields": {
      "name": "Can view shop user profile",
      "content_type": 15,
      "codename": "view_shopuserprofile"
    }
  },
  {
    "model": "auth.permission",
    "pk": 61,
    "fields": {
      "name": "Can add order",
      "content_type": 16,
      "codename": "add_order"
    }
  },
  {
    "model": "auth.permission",
    "pk": 62,
    "fields": {
      "name": "Can change order",
      "content_type": 16,
      "codename": "change_order"
    }
  },
  {
    "model": "auth.permission",
    "pk": 63,
    "fields": {
      "name": "Can delete order",
      "content_type": 16,
      "codename": "delete_order"
    }
  },
  {
    "model": "auth.permission",
    "pk": 64,
    "fields": {
      "name": "Can view order",
      "content_type": 16,
      "codename": "view_order"
    }
  },
  {
    "model": "auth.permission",
    "pk": 65,
    "fields": {
      "name": "Can add order item",
      "content_type": 17,
      "codename": "add_orderitem"
    }
  },
  {
    "model": "auth.permission",
    "pk": 66,
    "fields": {
      "name": "Can change order item",
      "content_type": 17,
      "codename": "change_orderitem"
    }
  },
  {
    "model": "auth.permission",
    "pk": 67,
    "fields": {
      "name": "Can delete order item",
      "content_type": 17,
      "codename": "delete_orderitem"
    }
  },
  {
    "model": "auth.permission",
    "pk": 68,
    "fields": {
      "name": "Can view order item",
      "content_type": 17,
      "codename": "view_orderitem"
    }
  },
  {
    "model": "sessions.session",
    "pk": "i85f8hxpwhc8h6gr2c1ekbm9z58jrh9c",
    "fields": {
      "session_data": "YmEyNTBjODc2N2ZhNjUyMDJjOWViNjMyMmZjYTJhODlkMzNjMzUwMDp7Il9hdXRoX3VzZXJfaWQiOiI3IiwiX2F1dGhfdXNlcl9iYWNrZW5kIjoiZGphbmdvLmNvbnRyaWIuYXV0aC5iYWNrZW5kcy5Nb2RlbEJhY2tlbmQiLCJfYXV0aF91c2VyX2hhc2giOiIxMWE5MjNmMDZiMjJiYWMwNzNhYzZiNjRmYTcwYzgxMmM1NjIxZjM0In0=",
      "expire_date": "2020-09-09T22:07:24.298Z"
    }
  },
  {
    "model": "sessions.session",
    "pk": "nasko3ul6pg0sumvxa0gxz4bgpxwhuwr",
    "fields": {
      "session_data": "NTFmOTI1YzBhNmI0NTc3OTI3MDYyODIzYTg2Y2Y3YzMzZTAxM2M4OTp7Il9hdXRoX3VzZXJfaWQiOiIxIiwiX2F1dGhfdXNlcl9iYWNrZW5kIjoiZGphbmdvLmNvbnRyaWIuYXV0aC5iYWNrZW5kcy5Nb2RlbEJhY2tlbmQiLCJfYXV0aF91c2VyX2hhc2giOiIyYTA1MGEyYjhlYzU0Zjc4ZDRhY2I3ZjAzNmUyOGEzOTJiMzIxNWI5In0=",
      "expire_date": "2020-08-26T20:30:21.367Z"
    }
  },
  {
    "model": "sessions.session",
    "pk": "qbnhacir371kq5e7695tv1ctz1dmf310",
    "fields": {
      "session_data": "NTFmOTI1YzBhNmI0NTc3OTI3MDYyODIzYTg2Y2Y3YzMzZTAxM2M4OTp7Il9hdXRoX3VzZXJfaWQiOiIxIiwiX2F1dGhfdXNlcl9iYWNrZW5kIjoiZGphbmdvLmNvbnRyaWIuYXV0aC5iYWNrZW5kcy5Nb2RlbEJhY2tlbmQiLCJfYXV0aF91c2VyX2hhc2giOiIyYTA1MGEyYjhlYzU0Zjc4ZDRhY2I3ZjAzNmUyOGEzOTJiMzIxNWI5In0=",
      "expire_date": "2020-09-19T14:39:40.175Z"
    }
  },
  {
    "model": "sessions.session",
    "pk": "rne34t03kmonv3kv331h9i6h7sbpgsx5",
    "fields": {
      "session_data": "NTFmOTI1YzBhNmI0NTc3OTI3MDYyODIzYTg2Y2Y3YzMzZTAxM2M4OTp7Il9hdXRoX3VzZXJfaWQiOiIxIiwiX2F1dGhfdXNlcl9iYWNrZW5kIjoiZGphbmdvLmNvbnRyaWIuYXV0aC5iYWNrZW5kcy5Nb2RlbEJhY2tlbmQiLCJfYXV0aF91c2VyX2hhc2giOiIyYTA1MGEyYjhlYzU0Zjc4ZDRhY2I3ZjAzNmUyOGEzOTJiMzIxNWI5In0=",
      "expire_date": "2020-09-21T17:16:27.573Z"
    }
  },
  {
    "model": "mainapp.productcategory",
    "pk": 9,
    "fields": {
      "name": "home",
      "description": "Description of home category",
      "is_active": true
    }
  },
  {
    "model": "mainapp.productcategory",
    "pk": 10,
    "fields": {
      "name": "office",
      "description": "",
      "is_active": true
    }
  },
  {
    "model": "mainapp.productcategory",
    "pk": 11,
    "fields": {
      "name": "modern",
      "description": "",
      "is_active": true
    }
  },
  {
    "model": "mainapp.productcategory",
    "pk": 12,
    "fields": {
      "name": "classic",
      "description": "",
      "is_active": true
    }
  },
  {
    "model": "mainapp.productcategory",
    "pk": 13,
    "fields": {
      "name": "Weird",
      "description": "Description of weird category",
      "is_active": false
    }
  },
  {
    "model": "mainapp.product",
    "pk": 20,
    "fields": {
      "category": 9,
      "name": "lamp-egg",
      "image": "product_images/product-1.png",
      "short_desc": "good lamp",
      "description": "good lamp",
      "price": "289.50",
      "quantity": 24,
      "is_active": true
    }
  },
  {
    "model": "mainapp.product",
    "pk": 21,
    "fields": {
      "category": 10,
      "name": "two chairs",
      "image": "product_images/product-2.png",
      "short_desc": "good chairs",
      "description": "yes, two",
      "price": "3687.20",
      "quantity": 0,
      "is_active": true
    }
  },
  {
    "model": "mainapp.product",
    "pk": 22,
    "fields": {
      "category": 9,
      "name": "melted pot",
      "image": "product_images/product-3.png",
      "short_desc": "melted pot",
      "description": "good melted pot",
      "price": "157.99",
      "quantity": 100,
      "is_active": true
    }
  },
  {
    "model": "mainapp.product",
    "pk": 23,
    "fields": {
      "category": 11,
      "name": "red chair",
      "image": "product_images/product-4.png",
      "short_desc": "good modern chair",
      "description": "good modern chair",
      "price": "1895.25",
      "quantity": 0,
      "is_active": true
    }
  },
  {
    "model": "mainapp.product",
    "pk": 24,
    "fields": {
      "category": 12,
      "name": "marble lamp",
      "image": "product_images/product-11.png",
      "short_desc": "good lamp",
      "description": "marble lamp",
      "price": "587.41",
      "quantity": 0,
      "is_active": true
    }
  },
  {
    "model": "mainapp.product",
    "pk": 25,
    "fields": {
      "category": 9,
      "name": "mortar",
      "image": "product_images/product-5.png",
      "short_desc": "good mortar",
      "description": "good mortar",
      "price": "58.19",
      "quantity": 51,
      "is_active": true
    }
  },
  {
    "model": "mainapp.product",
    "pk": 26,
    "fields": {
      "category": 9,
      "name": "vase",
      "image": "product_images/product-6.png",
      "short_desc": "good vase",
      "description": "good vase",
      "price": "141.34",
      "quantity": 11,
      "is_active": true
    }
  },
  {
    "model": "mainapp.product",
    "pk": 27,
    "fields": {
      "category": 10,
      "name": "white chair",
      "image": "product_images/product-21.png",
      "short_desc": "good chair",
      "description": "good chair",
      "price": "89.14",
      "quantity": 0,
      "is_active": true
    }
  },
  {
    "model": "mainapp.product",
    "pk": 28,
    "fields": {
      "category": 11,
      "name": "weird lamp",
      "image": "product_images/product-31.png",
      "short_desc": "good lamp",
      "description": "good weird lamp",
      "price": "58.58",
      "quantity": 11,
      "is_active": true
    }
  },
  {
    "model": "mainapp.product",
    "pk": 29,
    "fields": {
      "category": 11,
      "name": "wall lamp",
      "image": "product_images/product-41.png",
      "short_desc": "good lamp",
      "description": "good lamp",
      "price": "58.10",
      "quantity": 0,
      "is_active": true
    }
  },
  {
    "model": "mainapp.product",
    "pk": 30,
    "fields": {
      "category": 10,
      "name": "clock",
      "image": "product_images/product-4-sm.png",
      "short_desc": "good clock",
      "description": "good clock",
      "price": "51.71",
      "quantity": 0,
      "is_active": true
    }
  },
  {
    "model": "mainapp.product",
    "pk": 31,
    "fields": {
      "category": 10,
      "name": "couch",
      "image": "product_images/product-3-sm.png",
      "short_desc": "good couch",
      "description": "good couch",
      "price": "2587.41",
      "quantity": 0,
      "is_active": true
    }
  },
  {
    "model": "mainapp.product",
    "pk": 32,
    "fields": {
      "category": 12,
      "name": "stranger thing",
      "image": "product_images/product-2-sm.png",
      "short_desc": "good something",
      "description": "good something",
      "price": "74.20",
      "quantity": 0,
      "is_active": true
    }
  },
  {
    "model": "mainapp.product",
    "pk": 33,
    "fields": {
      "category": 11,
      "name": "massive lamp",
      "image": "product_images/product-5-sm.png",
      "short_desc": "good lamp",
      "description": "good lamp",
      "price": "1870.56",
      "quantity": 0,
      "is_active": true
    }
  },
  {
    "model": "mainapp.product",
    "pk": 34,
    "fields": {
      "category": 9,
      "name": "New product",
      "image": "product_images/product_0.png",
      "short_desc": "Good new product",
      "description": "Really good new product",
      "price": "819.00",
      "quantity": 11,
      "is_active": true
    }
  },
  {
    "model": "mainapp.product",
    "pk": 35,
    "fields": {
      "category": 13,
      "name": "Weird something",
      "image": "product_images/Screenshot_from_2020-08-11_14-01-04.png",
      "short_desc": "Weird something",
      "description": "Very weird something",
      "price": "491.11",
      "quantity": 18,
      "is_active": true
    }
  },
  {
    "model": "authapp.shopuser",
    "pk": 1,
    "fields": {
      "password": "pbkdf2_sha256$180000$8J1G99hA2Y4Q$PLGGlX8T5RsSgnCjTnfSWc+MA/ZRKliqDjHd0tstZi0=",
      "last_login": "2020-09-07T17:16:27.534Z",
      "is_superuser": true,
      "username": "django",
      "first_name": "luba",
      "last_name": "",
      "email": "django@geekshop.local",
      "is_staff": true,
      "is_active": true,
      "date_joined": "2020-08-10T22:24:45.890Z",
      "avatar": "",
      "age": 33,
      "activation_key": "",
      "activation_key_expires": "2020-08-28T18:23:56.588Z",
      "groups": [],
      "user_permissions": []
    }
  },
  {
    "model": "authapp.shopuser",
    "pk": 3,
    "fields": {
      "password": "pbkdf2_sha256$180000$r16F2gf2IvA8$lHMmsaFAB8g5lfGmdVLMM9CQ/imTpOSsNrU3THsBYQQ=",
      "last_login": null,
      "is_superuser": false,
      "username": "peter",
      "first_name": "peter",
      "last_name": "",
      "email": "peter@gb.ru",
      "is_staff": false,
      "is_active": false,
      "date_joined": "2020-08-19T18:32:45.887Z",
      "avatar": "",
      "age": 23,
      "activation_key": "",
      "activation_key_expires": "2020-08-28T18:23:56.588Z",
      "groups": [],
      "user_permissions": []
    }
  },
  {
    "model": "authapp.shopuser",
    "pk": 4,
    "fields": {
      "password": "pbkdf2_sha256$180000$LYnfjqXOKSls$GeQjY3YGqT2z5cxxMGA12E08JwCGfhFVrt1C+fQUbAE=",
      "last_login": null,
      "is_superuser": false,
      "username": "new_user",
      "first_name": "Peter",
      "last_name": "",
      "email": "lubov@golubeva.su",
      "is_staff": false,
      "is_active": false,
      "date_joined": "2020-08-26T21:22:13.963Z",
      "avatar": "",
      "age": 24,
      "activation_key": "",
      "activation_key_expires": "2020-08-28T21:21:23.751Z",
      "groups": [],
      "user_permissions": []
    }
  },
  {
    "model": "authapp.shopuser",
    "pk": 5,
    "fields": {
      "password": "pbkdf2_sha256$180000$Ig6HjvPcNRnc$8m6FKTRbAu0lMnek0pdwXmmSdsHH18C72R0GljIG/Es=",
      "last_login": null,
      "is_superuser": false,
      "username": "new_user34",
      "first_name": "Peter",
      "last_name": "",
      "email": "lubov@golubeva.su",
      "is_staff": false,
      "is_active": false,
      "date_joined": "2020-08-26T21:24:32.153Z",
      "avatar": "",
      "age": 24,
      "activation_key": "d906e3ed54814639c773a9b6eb2b40ec53597c1d",
      "activation_key_expires": "2020-08-28T21:24:00.333Z",
      "groups": [],
      "user_permissions": []
    }
  },
  {
    "model": "authapp.shopuser",
    "pk": 6,
    "fields": {
      "password": "pbkdf2_sha256$180000$Gv2ajWqgLn2M$BzBHTavEvcKJkAbOwgwFxtlnE6twlSAb5T/Mb2c0me4=",
      "last_login": "2020-08-26T21:35:18.377Z",
      "is_superuser": false,
      "username": "GolubevaL",
      "first_name": "Peter",
      "last_name": "",
      "email": "local@geek.br",
      "is_staff": false,
      "is_active": false,
      "date_joined": "2020-08-26T21:35:05.045Z",
      "avatar": "",
      "age": 38,
      "activation_key": "fdbc8211e8f2c659a113febc1b30420841cafb49",
      "activation_key_expires": "2020-08-28T21:31:10.134Z",
      "groups": [],
      "user_permissions": []
    }
  },
  {
    "model": "authapp.shopuser",
    "pk": 7,
    "fields": {
      "password": "pbkdf2_sha256$180000$B0JIHvjvZNjn$zrS03RdZ0DJ9dmen5ArtmAUdWLhiLUS4oTv0h156rwc=",
      "last_login": "2020-08-26T22:07:24.276Z",
      "is_superuser": false,
      "username": "peter4",
      "first_name": "Peter",
      "last_name": "",
      "email": "local2@geek.br",
      "is_staff": false,
      "is_active": false,
      "date_joined": "2020-08-26T22:03:39.262Z",
      "avatar": "",
      "age": 55,
      "activation_key": "617bb61077779ffc98b16b5b55c672f0c70f70c0",
      "activation_key_expires": "2020-08-28T22:02:58.485Z",
      "groups": [],
      "user_permissions": []
    }
  },
  {
    "model": "authapp.shopuser",
    "pk": 8,
    "fields": {
      "password": "!a6qmt5Bgke9z6xIeTxN7TnvoNSVK6EsYYqqPreAL",
      "last_login": "2020-08-31T16:20:14.129Z",
      "is_superuser": false,
      "username": "golubeva.lyubov",
      "first_name": "\u041b\u044e\u0431\u043e\u0432\u044c",
      "last_name": "\u0413\u043e\u043b\u0443\u0431\u0435\u0432\u0430",
      "email": "golubeva.lyubov@gmail.com",
      "is_staff": false,
      "is_active": true,
      "date_joined": "2020-08-31T16:00:03.378Z",
      "avatar": "",
      "age": 18,
      "activation_key": "",
      "activation_key_expires": "2020-09-02T15:58:48.529Z",
      "groups": [],
      "user_permissions": []
    }
  },
  {
    "model": "authapp.shopuser",
    "pk": 9,
    "fields": {
      "password": "pbkdf2_sha256$180000$9noAE52KU4d3$a+UJQIC6YcEQFY15QBnDrfzw+JgXczbnd5m1Uc95PU0=",
      "last_login": null,
      "is_superuser": false,
      "username": "django4",
      "first_name": "Peter",
      "last_name": "",
      "email": "geekbrains@golubeva.su",
      "is_staff": false,
      "is_active": false,
      "date_joined": "2020-09-07T17:04:56.128Z",
      "avatar": "",
      "age": 28,
      "activation_key": "2e0b9aa09ecf6b0e6b364315ba42a954f5ebeb5d",
      "activation_key_expires": "2020-09-09T17:02:28.945Z",
      "groups": [],
      "user_permissions": []
    }
  },
  {
    "model": "authapp.shopuser",
    "pk": 10,
    "fields": {
      "password": "pbkdf2_sha256$180000$9sP3tu53jd3a$FPtCLuOy+FgZotqNuFYDuTBxhntJa6jwH0lXZrySg5U=",
      "last_login": null,
      "is_superuser": false,
      "username": "peter5",
      "first_name": "Peter",
      "last_name": "",
      "email": "go66a.lyubov@gmail.com",
      "is_staff": false,
      "is_active": false,
      "date_joined": "2020-09-07T17:07:06.479Z",
      "avatar": "",
      "age": 18,
      "activation_key": "5b917d041d3ad45fb34afd6927e845ba9f5b775f",
      "activation_key_expires": "2020-09-09T17:02:28.945Z",
      "groups": [],
      "user_permissions": []
    }
  },
  {
    "model": "authapp.shopuser",
    "pk": 11,
    "fields": {
      "password": "pbkdf2_sha256$180000$G1lTpQSKkRa6$MekS//ob9UPfA8HwK00V+92fP1Yr5P3pCXahgQtDC4c=",
      "last_login": null,
      "is_superuser": false,
      "username": "notdjango",
      "first_name": "peter",
      "last_name": "",
      "email": "gol33lyubov@gmail.com",
      "is_staff": false,
      "is_active": false,
      "date_joined": "2020-09-07T17:08:48.160Z",
      "avatar": "",
      "age": 18,
      "activation_key": "1c0dce90a1f9f12d62919abacd1049cefdeb2a64",
      "activation_key_expires": "2020-09-09T17:08:22.090Z",
      "groups": [],
      "user_permissions": []
    }
  },
  {
    "model": "authapp.shopuserprofile",
    "pk": 1,
    "fields": {
      "user": 1,
      "gender": "W"
    }
  },
  {
    "model": "authapp.shopuserprofile",
    "pk": 2,
    "fields": {
      "user": 3,
      "gender": ""
    }
  },
  {
    "model": "authapp.shopuserprofile",
    "pk": 3,
    "fields": {
      "user": 4,
      "gender": ""
    }
  },
  {
    "model": "authapp.shopuserprofile",
    "pk": 4,
    "fields": {
      "user": 5,
      "gender": ""
    }
  },
  {
    "model": "authapp.shopuserprofile",
    "pk": 5,
    "fields": {
      "user": 6,
      "gender": ""
    }
  },
  {
    "model": "authapp.shopuserprofile",
    "pk": 6,
    "fields": {
      "user": 7,
      "gender": ""
    }
  },
  {
    "model": "authapp.shopuserprofile",
    "pk": 7,
    "fields": {
      "user": 8,
      "gender": "W"
    }
  },
  {
    "model": "authapp.shopuserprofile",
    "pk": 8,
    "fields": {
      "user": 9,
      "gender": ""
    }
  },
  {
    "model": "authapp.shopuserprofile",
    "pk": 9,
    "fields": {
      "user": 10,
      "gender": ""
    }
  },
  {
    "model": "authapp.shopuserprofile",
    "pk": 10,
    "fields": {
      "user": 11,
      "gender": ""
    }
  },
  {
    "model": "basketapp.basket",
    "pk": 21,
    "fields": {
      "user": 1,
      "product": 21,
      "quantity": 2,
      "add_datetime": "2020-09-07T21:05:44.066Z"
    }
  },
  {
    "model": "basketapp.basket",
    "pk": 22,
    "fields": {
      "user": 1,
      "product": 20,
      "quantity": 1,
      "add_datetime": "2020-09-07T21:05:58.965Z"
    }
  },
  {
    "model": "social_django.usersocialauth",
    "pk": 1,
    "fields": {
      "user": 8,
      "provider": "google-oauth2",
      "uid": "golubeva.lyubov@gmail.com",
      "extra_data": "{\"auth_time\": 1598890814, \"expires\": 3599, \"token_type\": \"Bearer\", \"access_token\": \"ya29.a0AfH6SMDc1zp88WJ8yd4VqbsUOBt-J__5HqB7qW7dMksXXeS-neZIHJjZuZfYY3Nvuj44aZ65P57spelNyfEksh7jxmpiMWzAgDZlwQu51IBVp-thveVNM2-3ZZfciS6P37eKed3Ugj1yKz9JW-wRQH_CpbLgS5oKS5M\"}",
      "created": "2020-08-31T16:00:03.405Z",
      "modified": "2020-08-31T16:20:14.077Z"
    }
  },
  {
    "model": "ordersapp.order",
    "pk": 1,
    "fields": {
      "user": 8,
      "created": "2020-09-02T14:00:53.869Z",
      "updated": "2020-09-02T14:05:02.140Z",
      "status": "STP",
      "is_active": true
    }
  },
  {
    "model": "ordersapp.order",
    "pk": 2,
    "fields": {
      "user": 8,
      "created": "2020-09-02T14:21:59.796Z",
      "updated": "2020-09-02T14:39:36.043Z",
      "status": "FM",
      "is_active": false
    }
  },
  {
    "model": "ordersapp.order",
    "pk": 3,
    "fields": {
      "user": 8,
      "created": "2020-09-02T14:32:49.080Z",
      "updated": "2020-09-02T14:32:49.113Z",
      "status": "FM",
      "is_active": false
    }
  },
  {
    "model": "ordersapp.order",
    "pk": 4,
    "fields": {
      "user": 8,
      "created": "2020-09-02T14:33:01.365Z",
      "updated": "2020-09-02T14:33:01.403Z",
      "status": "FM",
      "is_active": false
    }
  },
  {
    "model": "ordersapp.order",
    "pk": 5,
    "fields": {
      "user": 1,
      "created": "2020-09-05T15:26:26.742Z",
      "updated": "2020-09-05T15:34:36.637Z",
      "status": "FM",
      "is_active": true
    }
  },
  {
    "model": "ordersapp.order",
    "pk": 6,
    "fields": {
      "user": 1,
      "created": "2020-09-07T09:37:25.944Z",
      "updated": "2020-09-07T18:05:13.878Z",
      "status": "FM",
      "is_active": false
    }
  },
  {
    "model": "ordersapp.order",
    "pk": 7,
    "fields": {
      "user": 1,
      "created": "2020-09-07T21:05:19.954Z",
      "updated": "2020-09-07T21:05:19.993Z",
      "status": "FM",
      "is_active": false
    }
  },
  {
    "model": "ordersapp.order",
    "pk": 8,
    "fields": {
      "user": 1,
      "created": "2020-09-07T21:05:23.211Z",
      "updated": "2020-09-07T21:05:23.258Z",
      "status": "FM",
      "is_active": false
    }
  },
  {
    "model": "ordersapp.orderitem",
    "pk": 1,
    "fields": {
      "order": 1,
      "product": 23,
      "quantity": 5
    }
  },
  {
    "model": "ordersapp.orderitem",
    "pk": 2,
    "fields": {
      "order": 2,
      "product": 26,
      "quantity": 1
    }
  },
  {
    "model": "ordersapp.orderitem",
    "pk": 3,
    "fields": {
      "order": 2,
      "product": 21,
      "quantity": 2
    }
  },
  {
    "model": "ordersapp.orderitem",
    "pk": 4,
    "fields": {
      "order": 5,
      "product": 21,
      "quantity": 2
    }
  },
  {
    "model": "ordersapp.orderitem",
    "pk": 5,
    "fields": {
      "order": 6,
      "product": 20,
      "quantity": 6
    }
  },
  {
    "model": "ordersapp.orderitem",
    "pk": 6,
    "fields": {
      "order": 6,
      "product": 25,
      "quantity": 1
    }
  },
  {
    "model": "ordersapp.orderitem",
    "pk": 7,
    "fields": {
      "order": 6,
      "product": 21,
      "quantity": 1
    }
  },
  {
    "model": "ordersapp.orderitem",
    "pk": 8,
    "fields": {
      "order": 6,
      "product": 28,
      "quantity": 2
    }
  }
]
